{
	"info": {
		"_postman_id": "740d2595-e99e-4d27-a1f5-0093590bd1cf",
		"name": "Coleccion_prueba_jairSantana_prixz",
		"schema": "https://schema.getpostman.com/json/collection/v2.1.0/collection.json",
		"_exporter_id": "17034085"
	},
	"item": [
		{
			"name": "Usuarios",
			"item": [
				{
					"name": "Registrar Usuario",
					"request": {
						"method": "POST",
						"header": [],
						"body": {
							"mode": "raw",
							"raw": "{\r\n    \"username\": \"user3\",\r\n    \"password\": \"password123\",\r\n    \"email\": \"user3@example.com\"\r\n}",
							"options": {
								"raw": {
									"language": "json"
								}
							}
						},
						"url": {
							"raw": "http://localhost:3000/api/register",
							"protocol": "http",
							"host": [
								"localhost"
							],
							"port": "3000",
							"path": [
								"api",
								"register"
							]
						}
					},
					"response": []
				},
				{
					"name": "Iniciar Sesion",
					"request": {
						"method": "POST",
						"header": [],
						"body": {
							"mode": "raw",
							"raw": "{\r\n    \"username\": \"user2\",\r\n    \"password\": \"password123\"\r\n}",
							"options": {
								"raw": {
									"language": "json"
								}
							}
						},
						"url": {
							"raw": "http://localhost:3000/api/login",
							"protocol": "http",
							"host": [
								"localhost"
							],
							"port": "3000",
							"path": [
								"api",
								"login"
							]
						}
					},
					"response": []
				},
				{
					"name": "Obtener Usuarios",
					"request": {
						"method": "GET",
						"header": [
							{
								"key": "Authorization",
								"value": "Bearer eyJhbGciOiJIUzI1NiIsInR5cCI6IkpXVCJ9.eyJpZCI6MSwiaWF0IjoxNzMxMTQyNTMwLCJleHAiOjE3MzEyMjg5MzB9.6jo-tZXmmvTbb-fClZKf6fwmxKKzGn3Jw6Iwj3pV4gQ",
								"type": "text"
							}
						],
						"url": {
							"raw": "http://localhost:3000/api/users",
							"protocol": "http",
							"host": [
								"localhost"
							],
							"port": "3000",
							"path": [
								"api",
								"users"
							]
						}
					},
					"response": []
				},
				{
					"name": "New Request",
					"request": {
						"method": "PUT",
						"header": [
							{
								"key": "Authorization",
								"value": "Bearer eyJhbGciOiJIUzI1NiIsInR5cCI6IkpXVCJ9.eyJpZCI6MSwiaWF0IjoxNzMxMTQzMjgzLCJleHAiOjE3MzEyMjk2ODN9.czpiY5hRhSefw7FE0w1WI4PZOJs4Tov_bBMXEfubGNk",
								"type": "text"
							}
						],
						"body": {
							"mode": "raw",
							"raw": "{\r\n    \"username\": \"newusername\",\r\n    \"email\": \"newemail@example.com\"\r\n}",
							"options": {
								"raw": {
									"language": "json"
								}
							}
						},
						"url": {
							"raw": "http://localhost:3000/api/users/1",
							"protocol": "http",
							"host": [
								"localhost"
							],
							"port": "3000",
							"path": [
								"api",
								"users",
								"1"
							]
						}
					},
					"response": []
				},
				{
					"name": "New Request",
					"request": {
						"method": "DELETE",
						"header": [
							{
								"key": "Authorization",
								"value": "Bearer eyJhbGciOiJIUzI1NiIsInR5cCI6IkpXVCJ9.eyJpZCI6MSwiaWF0IjoxNzMxMTQzMjgzLCJleHAiOjE3MzEyMjk2ODN9.czpiY5hRhSefw7FE0w1WI4PZOJs4Tov_bBMXEfubGNk",
								"type": "text"
							}
						],
						"url": {
							"raw": "http://localhost:3000/api/users/1",
							"protocol": "http",
							"host": [
								"localhost"
							],
							"port": "3000",
							"path": [
								"api",
								"users",
								"1"
							]
						}
					},
					"response": []
				}
			]
		},
		{
			"name": "Productos",
			"item": [
				{
					"name": "Registrar Producto",
					"request": {
						"method": "POST",
						"header": [
							{
								"key": "Authorization",
								"value": "Bearer eyJhbGciOiJIUzI1NiIsInR5cCI6IkpXVCJ9.eyJpZCI6MiwiaWF0IjoxNzMxMTQzMzU2LCJleHAiOjE3MzEyMjk3NTZ9.0wVWbPcB6NvHUxtzuH85oG4zPqGtY_xkitQ5-EG55Co",
								"type": "text"
							}
						],
						"body": {
							"mode": "raw",
							"raw": "{\r\n    \"name\": \"Product 1\",\r\n    \"description\": \"Description of Product 1\",\r\n    \"price\": 29.99\r\n}",
							"options": {
								"raw": {
									"language": "json"
								}
							}
						},
						"url": {
							"raw": "http://localhost:3000/api/products",
							"protocol": "http",
							"host": [
								"localhost"
							],
							"port": "3000",
							"path": [
								"api",
								"products"
							]
						}
					},
					"response": []
				},
				{
					"name": "Obtener productos",
					"request": {
						"method": "GET",
						"header": [
							{
								"key": "Authorization",
								"value": "Bearer eyJhbGciOiJIUzI1NiIsInR5cCI6IkpXVCJ9.eyJpZCI6MiwiaWF0IjoxNzMxMTQzMzU2LCJleHAiOjE3MzEyMjk3NTZ9.0wVWbPcB6NvHUxtzuH85oG4zPqGtY_xkitQ5-EG55Co",
								"type": "text"
							}
						],
						"url": {
							"raw": "http://localhost:3000/api/products",
							"protocol": "http",
							"host": [
								"localhost"
							],
							"port": "3000",
							"path": [
								"api",
								"products"
							]
						}
					},
					"response": []
				},
				{
					"name": "Actualizar productos",
					"request": {
						"method": "PUT",
						"header": [
							{
								"key": "Authorization",
								"value": "Bearer eyJhbGciOiJIUzI1NiIsInR5cCI6IkpXVCJ9.eyJpZCI6MiwiaWF0IjoxNzMxMTQzMzU2LCJleHAiOjE3MzEyMjk3NTZ9.0wVWbPcB6NvHUxtzuH85oG4zPqGtY_xkitQ5-EG55Co",
								"type": "text"
							}
						],
						"body": {
							"mode": "raw",
							"raw": "{\r\n    \"name\": \"Updated Product\",\r\n    \"description\": \"Updated description\",\r\n    \"price\": 39.99\r\n}",
							"options": {
								"raw": {
									"language": "json"
								}
							}
						},
						"url": {
							"raw": "http://localhost:3000/api/products/1",
							"protocol": "http",
							"host": [
								"localhost"
							],
							"port": "3000",
							"path": [
								"api",
								"products",
								"1"
							]
						}
					},
					"response": []
				},
				{
					"name": "Eliminar productos",
					"request": {
						"method": "DELETE",
						"header": [
							{
								"key": "Authorization",
								"value": "Bearer eyJhbGciOiJIUzI1NiIsInR5cCI6IkpXVCJ9.eyJpZCI6MiwiaWF0IjoxNzMxMTQzMzU2LCJleHAiOjE3MzEyMjk3NTZ9.0wVWbPcB6NvHUxtzuH85oG4zPqGtY_xkitQ5-EG55Co",
								"type": "text"
							}
						],
						"url": {
							"raw": "http://localhost:3000/api/products/1",
							"protocol": "http",
							"host": [
								"localhost"
							],
							"port": "3000",
							"path": [
								"api",
								"products",
								"1"
							]
						}
					},
					"response": []
				}
			]
		}
	]
}